Value,Id
44.36268270702171,0
36.594652947542265,1
31.740323186424177,2
37.311128294771976,3
39.380984850394015,4
31.67271500251943,5
31.042444899035424,6
31.088236683794168,7
42.41501908736059,8
22.13885847571659,9
31.51562379433753,10
17.830233025044084,11
32.60954716260205,12
40.25459622697218,13
30.09579584193385,14
32.61462890004475,15
24.705770496350446,16
15.838896419725751,17
27.585511408520777,18
42.08754048610276,19
28.53294460899187,20
32.43169909630487,21
32.18648530469854,22
25.89062263045571,23
53.26355831760199,24
24.998984613225705,25
38.453853887951794,26
25.089511292811245,27
28.623287975499856,28
26.245452528549826,29
29.137386214179113,30
46.111433348095495,31
33.41540243201357,32
32.44125794637712,33
31.488051261985945,34
40.96438137650732,35
25.926920065252926,36
24.75111994312348,37
38.120923535437804,38
33.34267794635225,39
24.871437521255476,40
35.229516917950946,41
26.366318344625327,42
35.729084263102706,43
33.36260142943745,44
26.973888100435925,45
51.3715111551253,46
26.839645089410563,47
25.789598690882535,48
31.25158409088767,49
53.44967678875731,50
45.129911512932004,51
44.02648267404612,52
29.18763053750718,53
32.034704453639485,54
29.13858266510813,55
35.51498616511281,56
24.10801606888972,57
37.81605703758164,58
21.308120807581687,59
27.826568521415275,60
27.38161261684201,61
32.5248113665556,62
21.272849425964722,63
23.919572942419528,64
21.77811631693455,65
38.83135363340116,66
26.6879581004993,67
30.76402184129757,68
38.51129596484784,69
39.727520342023865,70
16.598737207198525,71
28.989921876577988,72
24.577431748643264,73
18.578913395304866,74
24.43178940861973,75
32.978943165529245,76
25.289526057046512,77
36.11818670144292,78
21.216345073202984,79
36.05961743620153,80
37.09186159220486,81
27.54182354905363,82
29.00352798777576,83
32.06903972351785,84
30.480711840336472,85
26.576134567705143,86
32.43547755129126,87
40.55065623381095,88
28.0289980666601,89
51.578342320154775,90
21.146582473718716,91
28.280606167232634,92
43.27171992948082,93
23.733945448768775,94
37.98175074705105,95
37.95445091331569,96
32.515257999912045,97
45.14364193309472,98
28.018309338430072,99
38.395431361319076,100
41.82958521397183,101
30.12365579774676,102
24.82220760377313,103
27.487430443284712,104
26.810318784461654,105
28.933411836713773,106
27.345703710793348,107
37.51050428622694,108
35.93000099465232,109
41.07401192077302,110
26.101341626096776,111
26.09638020760018,112
42.773971806250564,113
24.688818753410985,114
37.01320368432371,115
17.66023307239294,116
37.185817534185304,117
33.413544029958324,118
35.32411271137962,119
32.860849325222844,120
30.412216463266624,121
31.95075231226368,122
32.68036374264236,123
34.39828443079957,124
30.052309840021145,125
28.595391377288127,126
29.642323913268953,127
24.25886138111763,128
33.66354273520852,129
30.846152056581882,130
42.65922199241512,131
37.21096696584188,132
27.53546285349047,133
32.914027626354624,134
26.5517510587085,135
28.83691765659691,136
40.10007079690757,137
41.66380583108419,138
34.951021978039144,139
32.09605119885762,140
29.58421205507871,141
28.877556012371922,142
24.501594709727016,143
25.963593746372897,144
22.374619502460014,145
23.054125927173153,146
35.09572669414038,147
38.110662385830985,148
32.73616570213942,149
39.91513166088115,150
27.46064454944398,151
38.07818805643914,152
30.529569295675586,153
32.668838425494606,154
27.90311803693591,155
23.90437240714226,156
23.301463588289717,157
30.103631392643603,158
43.273784635030644,159
19.749190330894,160
33.09637055298168,161
39.61714962964277,162
33.26516759994909,163
30.62294559813569,164
39.16221700514847,165
34.44859988357422,166
48.925926435068796,167
40.04776584457923,168
28.107861988125894,169
28.910863507443946,170
34.555349768116834,171
30.282063781050063,172
24.990048692656178,173
28.820138742246247,174
36.864822769132154,175
32.17977132572739,176
18.85718150728962,177
34.61918837027971,178
31.7023834410076,179
41.460519678775455,180
32.0064831874493,181
22.419444929575402,182
33.367164926926904,183
39.5948197535428,184
32.20271181783872,185
28.525677759150163,186
24.78926794840933,187
45.51501328171916,188
19.641028989036688,189
31.935322245773992,190
42.641419553912655,191
30.335262417855336,192
30.27810625615189,193
22.96786743536267,194
41.955672036411464,195
31.58987297360344,196
31.61555934358597,197
44.00101338619585,198
38.78960592733636,199
33.048022855964376,200
58.73608708880606,201
40.69426129163713,202
41.945981492776916,203
40.804206621189806,204
20.913800798148305,205
32.73240826880896,206
22.496392902385388,207
33.30266183999916,208
34.10895546155362,209
18.540772911972823,210
32.8111177382929,211
33.94150753851837,212
22.123304934218883,213
22.830422556445818,214
34.22669722192983,215
31.966875804404086,216
30.934743891825153,217
34.18563187859209,218
27.859420714204177,219
23.947163362907986,220
27.515426807208968,221
33.42910734880515,222
37.64446556991701,223
30.360405469662282,224
23.146640736443988,225
19.931526076781385,226
32.99669565055472,227
32.588866586492124,228
26.171648791830464,229
46.33120544641777,230
33.978884371972754,231
30.19432725225262,232
19.83522529301146,233
27.77582413287943,234
27.461661184911904,235
35.29761385476302,236
41.68768986701685,237
25.61901870039529,238
27.364933165232586,239
25.112143978815425,240
32.00155654579399,241
22.23524451961697,242
39.055504929431386,243
37.3647555871574,244
35.033653322532494,245
28.819226760656477,246
45.83719686787656,247
46.833978649862836,248
27.734972097061405,249
38.47063843619228,250
45.78851682858985,251
28.73525298347641,252
19.249151763657657,253
33.93022015792493,254
30.869537978473883,255
37.20572095083171,256
34.10334878017448,257
34.31431476213912,258
22.97207839515369,259
39.312049632002044,260
38.17761247890916,261
32.43379532246195,262
26.950974400780513,263
35.412764459162055,264
22.761605769720187,265
34.08530593990263,266
38.77162188289598,267
17.76482564796552,268
24.066584651882046,269
33.55622415966982,270
24.170212646294075,271
44.97279051858336,272
49.61784322338496,273
20.770829311947416,274
32.734120307768976,275
32.95398656241168,276
38.34455702531839,277
33.599321977078176,278
39.190520252616416,279
31.0574147162515,280
28.118852454957132,281
25.760290994779474,282
26.016418259897893,283
29.1238636172953,284
22.879340365738603,285
42.26031427181602,286
31.43066296891433,287
40.08228495365619,288
46.17454073036092,289
29.36910304037839,290
28.998129587197603,291
29.826750693459275,292
30.789364805784807,293
38.95631654040026,294
27.457828900359736,295
23.532765097810348,296
46.246888824289,297
17.960475184470056,298
35.2349537852382,299
30.677925029486236,300
29.501537441521673,301
29.582092060127913,302
21.872786784077103,303
30.534450227597265,304
32.53282207033261,305
35.70821283808485,306
36.566900328011435,307
32.84783863084253,308
31.757156173763413,309
29.280515890245518,310
19.570524462613697,311
22.731995679907936,312
27.026171830078695,313
44.610427265497044,314
30.467407634835894,315
31.068220234341048,316
32.51985245677186,317
37.301057284759544,318
30.785417476745565,319
26.300116413500113,320
35.78900864218187,321
16.417592445821914,322
36.80007938319716,323
30.22551793136762,324
47.83746719198121,325
26.289895357181692,326
28.487194970902586,327
29.853267154829897,328
29.361530421161437,329
31.43851236384762,330
25.633311413926677,331
25.362145497568996,332
32.12815356528429,333
38.28570071228585,334
28.17899153742651,335
37.95827437187953,336
31.805645527606373,337
24.243119069688785,338
39.848642436576746,339
32.351804366805766,340
24.40572323485014,341
35.43554742037746,342
37.48899522178849,343
36.539125174621915,344
41.130439446018734,345
40.56177108541679,346
35.68442681245794,347
40.490093932917425,348
33.23487049127538,349
42.644005023676314,350
42.595291376863,351
26.003153828779332,352
27.866139257562583,353
36.587836838849206,354
42.56948875787536,355
37.94897880208153,356
37.24688302365729,357
26.13641664015406,358
46.18484205864472,359
41.66489816555075,360
41.714672360413694,361
30.991100475477584,362
44.01856746667371,363
28.95577555743184,364
22.183987952452306,365
34.851089817029454,366
33.917102375251616,367
30.08846794496506,368
29.519166859931694,369
42.27067839186852,370
28.68411531953943,371
20.108409585588632,372
34.74149367208492,373
31.811931156713403,374
30.20945023061436,375
29.219061849174768,376
24.663123260959324,377
28.951480003244697,378
39.06280924159219,379
23.550933297468582,380
31.194672649244392,381
29.9804813888061,382
23.237334633539582,383
52.37698361464642,384
32.58287865651235,385
30.89453473435239,386
31.92851838603307,387
26.732563440984723,388
35.115583178156896,389
36.97175394818641,390
20.409483594576212,391
26.199597214541534,392
40.63762380034847,393
26.925897321297946,394
24.771026904432212,395
41.12682017546218,396
29.67293321772749,397
24.42439517433549,398
45.216372584476964,399
47.393251973017755,400
35.06984154725821,401
27.707795286392614,402
48.61036833283684,403
28.35784997714246,404
34.408996469606365,405
25.675930996285377,406
29.967599263166633,407
29.535480084065895,408
33.19976536884802,409
26.841045728165494,410
43.79837846453934,411
22.50692290552447,412
22.77829507479443,413
32.23396473443121,414
38.84778404388275,415
34.07745301400898,416
43.09583888540366,417
28.275830936914986,418
26.96578394410891,419
23.220607560406737,420
38.57783873932921,421
36.90213964517986,422
30.524764621947472,423
22.566901828831945,424
23.95855149093082,425
38.50835112567859,426
31.171274486008173,427
14.078012448509893,428
29.08267801397496,429
33.014121034729534,430
35.32262717384266,431
32.05095142532265,432
28.645767128858328,433
28.238501685534235,434
28.30451270264985,435
39.95322823864001,436
29.55152696741811,437
23.091592563744502,438
48.831748382868504,439
40.22995223277259,440
42.38410388368198,441
39.32372219300187,442
34.603465414410564,443
38.2518433974998,444
25.493643607395697,445
29.90890198893648,446
35.10459059791152,447
35.5189608166019,448
51.157861128075545,449
44.74342478913629,450
37.58120211116007,451
34.06338508360102,452
34.3570957511088,453
33.84297137043487,454
43.14951637788272,455
31.942511976941823,456
30.99512756824895,457
27.202042704039552,458
34.39118571048785,459
29.834192141726938,460
38.15816669681407,461
28.967232472930913,462
27.550033473649552,463
31.170891273363953,464
28.15899552340382,465
32.33229426841612,466
30.437588970637826,467
35.029340041588696,468
28.217419122232503,469
28.227834930845788,470
31.693571310078326,471
28.609396499558517,472
31.949643036302596,473
27.67735533159603,474
31.051079463209238,475
29.209531852838953,476
33.19731253002134,477
31.100302831550607,478
34.49615695626039,479
27.7931716750827,480
43.12075907635026,481
30.734460750177707,482
49.49142965380308,483
14.657514404707767,484
26.032645320916316,485
29.818530328242257,486
37.11890477158656,487
41.15298510231106,488
41.545853125340614,489
38.71623679340456,490
35.801528460079375,491
26.23105900550571,492
22.55748427658369,493
28.264834220535324,494
31.25733073973542,495
42.20945693342757,496
33.58387461215298,497
36.079865744665106,498
27.032725919319162,499
26.86258905815053,500
26.133906440201503,501
27.403499517501878,502
44.0914608316003,503
29.853261030457006,504
31.71108951190725,505
29.04989691836046,506
19.866714954760702,507
32.011975959005206,508
47.431246640870036,509
29.60599881362824,510
48.93200575956154,511
33.92225857903456,512
37.56485875685942,513
25.16617815612521,514
41.743174601871765,515
24.953692099803188,516
38.133753934181904,517
33.939386851014206,518
46.18729545562498,519
27.93658190251298,520
20.38051679371301,521
34.793724026336804,522
19.421162913580847,523
28.228737596317877,524
31.127958530249217,525
32.643329175166286,526
37.62110011864323,527
32.63692818092035,528
33.32992338693823,529
38.04101692124888,530
29.702562605799137,531
28.841978783703667,532
33.58818546918002,533
35.47286725420329,534
38.932390096620786,535
45.207461016358735,536
36.268155415255094,537
34.95449787134214,538
47.8139921898413,539
28.288475208400797,540
19.356178650595055,541
22.97508747016441,542
28.353707488300106,543
35.75919457293457,544
31.02753091323726,545
24.50530201483842,546
27.418077023181407,547
37.60903309273997,548
29.983698063788378,549
28.858925014695277,550
30.6306691579357,551
34.672625287227206,552
21.24432637803335,553
36.885240886301986,554
32.156989348222666,555
28.612858508646866,556
32.965795623867145,557
25.055279649767655,558
27.39912931741759,559
27.633784886053036,560
32.22551210536005,561
33.7775397647546,562
21.476760985584274,563
34.73399882015569,564
28.57861953851608,565
29.983800368675567,566
26.528169937576237,567
30.52296635116661,568
24.430782013845388,569
31.52463365005837,570
27.3168449229624,571
21.995098540590284,572
37.124838187828395,573
15.672093117279283,574
41.84959085010379,575
34.72103436965349,576
23.286092161828705,577
15.945247373128176,578
31.741364932392642,579
24.258526937390453,580
35.21608601058206,581
41.17070745021817,582
45.28995758695388,583
28.796433867367316,584
47.73638797389059,585
32.09666551247414,586
26.732256039636308,587
46.30433524635053,588
39.52164634609541,589
43.563546131402695,590
28.35355839324874,591
34.45483381361852,592
27.259942000837675,593
22.136135643886995,594
41.25279280421644,595
42.75110723188951,596
25.675781275989973,597
22.215851991671656,598
36.01316703410772,599
41.031038443501465,600
36.39201558029825,601
31.6376352223022,602
35.223196841315165,603
36.91202408654658,604
32.799879068789465,605
50.35791163306389,606
34.21232424133441,607
34.15536371022085,608
33.963565103586724,609
33.47616951105283,610
28.050118640764442,611
34.96099022562086,612
38.83159715777572,613
37.258183909899394,614
26.153398044955914,615
25.546427540448555,616
38.955349144660154,617
32.85801663362296,618
25.154648326129703,619
54.31058406485246,620
34.41513807911087,621
27.310779720664932,622
34.114253829541056,623
37.753261704133664,624
51.942846354591616,625
25.410877346392382,626
40.367301550013735,627
31.27742990497441,628
44.57103318174405,629
38.929380256359224,630
32.91538560651933,631
42.721168724918314,632
39.6381809728423,633
21.66903800206327,634
60.28845423345195,635
41.628300297249744,636
25.94685533002351,637
49.02564518676634,638
36.82282825208798,639
28.867055071942605,640
34.70698413267355,641
28.338479720982022,642
34.08415468209577,643
33.30358872114053,644
21.866490715424234,645
31.346619680891592,646
30.878900399389643,647
27.930101751510726,648
22.905532934295216,649
38.74518371606693,650
45.206675176098905,651
42.41184514265366,652
42.55153877088752,653
34.580522869120905,654
31.37694856707318,655
15.265044332879917,656
22.53079791263104,657
36.49381906635364,658
52.560710082208814,659
37.33842225307727,660
40.62179954910795,661
27.335856772568604,662
33.71887294255995,663
55.43865668670989,664
25.084309757873726,665
19.661696442195986,666
38.13750824380811,667
49.80521229822742,668
34.203699851315875,669
41.97106383823293,670
31.819345918278636,671
48.441279133820785,672
39.551583911427436,673
49.01128177528776,674
36.4849186069961,675
37.35910124806093,676
31.445403415428693,677
49.487208196774674,678
31.20763340515106,679
24.890480842504047,680
26.867186484136095,681
38.84658379720886,682
32.32626667404435,683
38.00334886212872,684
33.55378098831316,685
42.35670037660066,686
25.54571350836404,687
20.318018811448717,688
32.18687871097157,689
24.15160053841278,690
40.12674892602215,691
33.45297054167851,692
41.58331571584263,693
40.7677154130195,694
44.366341118981154,695
41.205607502206014,696
45.19489041118352,697
35.586603235647935,698
36.59888377142578,699
20.26233941067074,700
41.694941450574746,701
42.37975809690364,702
28.451859021356203,703
48.831082275602284,704
26.70324018853653,705
36.10725341197137,706
21.824783103109937,707
50.76758334314053,708
43.29632670983392,709
31.929077043223995,710
40.751392741953566,711
39.2320936710832,712
29.72336419908079,713
28.392672498402426,714
41.60281326621922,715
23.02145384656257,716
25.545669657132954,717
33.19684120379279,718
35.740872900226506,719
37.88465725031795,720
37.80378673393912,721
30.5388210926378,722
34.796050965547714,723
28.11667584961784,724
48.398630751166124,725
45.079097610332454,726
37.041339492167396,727
41.86498506014603,728
35.50047862571629,729
21.32076713559865,730
34.163880344588435,731
36.339475767293266,732
27.519081777654286,733
24.679233952337125,734
46.203568609361824,735
27.136520488335968,736
29.113961898884753,737
36.64560400686917,738
20.731255892088434,739
36.9796074977795,740
26.453477121844237,741
36.71303994337518,742
41.7379580164431,743
40.757265176832306,744
41.643789076169625,745
39.53351995644364,746
37.10353234968039,747
44.38426991813454,748
22.093746025564545,749
41.45752679159326,750
35.679064698021655,751
26.482321098891024,752
37.33845653577834,753
33.724790164616884,754
34.256987762501176,755
36.969046373449785,756
47.121008172429754,757
22.543579037535217,758
41.280472191480754,759
41.22247873214519,760
24.658523610027153,761
35.34921823395203,762
29.052634630775344,763
33.19060219845735,764
34.90912713305661,765
27.549609492610326,766
42.033866640164526,767
43.802518337462224,768
43.251842166366465,769
39.23614089139095,770
28.892414327313617,771
38.3853003128557,772
36.78679370497932,773
31.99452475413299,774
37.19647323881556,775
24.115649490688437,776
32.069595107258394,777
45.29646286833986,778
20.299651692005764,779
31.19100629312184,780
54.02469546891172,781
53.51751345611074,782
54.71520078185066,783
50.273196476709465,784
39.76958654906361,785
35.884799742018394,786
32.35026912052802,787
41.63906083964895,788
49.05943840145399,789
37.963524466759445,790
30.79360649020536,791
59.604372288011625,792
37.55613065570899,793
27.661328120416933,794
40.30698805647799,795
45.20014492941562,796
47.20947686164152,797
50.89427762608034,798
26.231427061270107,799
39.303413059032025,800
26.458659650439145,801
29.018230926262433,802
30.696459922706683,803
30.094009274299125,804
39.84016572450478,805
30.718539163206653,806
22.99493690735233,807
36.563195839437185,808
54.01365959170696,809
50.70749949792907,810
44.76440090945978,811
31.754199180776745,812
24.32512851802805,813
30.15736071890749,814
41.44754984138469,815
40.815317803455564,816
27.102372071542217,817
23.16426313074705,818
30.93907093739643,819
24.643118853888122,820
25.160754837944715,821
35.626136206567416,822
34.064607524942126,823
26.20723456667582,824
25.12171364854924,825
18.96976141197214,826
40.33836265734803,827
35.1297343538628,828
31.265127902556618,829
18.166913647423645,830
33.14495104968404,831
22.796724689948057,832
25.966897004895902,833
46.81479768788326,834
47.930402107624566,835
25.990844596327687,836
27.657745798190856,837
36.90175588552488,838
37.759677866409895,839
26.037526558709462,840
18.218026284314924,841
39.872099056498186,842
43.44644036445426,843
21.038978788709098,844
40.53527439749243,845
37.465140309303834,846
31.97528916785769,847
35.806056129368294,848
23.13663872950897,849
35.66017079005024,850
29.19559288939031,851
34.76164651239136,852
33.75388303209561,853
29.102039193250384,854
29.97275320670044,855
30.632255276680763,856
31.473371081489123,857
25.44552600636278,858
43.37223046947282,859
24.539156445998323,860
26.612298310270198,861
45.01818661127614,862
25.143131862003674,863
25.008762807211937,864
40.358029761541225,865
37.1663370207813,866
20.223389359586466,867
31.331569818334014,868
37.37581935650519,869
29.12177600640593,870
49.19967014322853,871
30.5417664436913,872
38.802498621964396,873
20.47585744950532,874
25.23160577620681,875
20.848468413968288,876
43.90155538294895,877
28.912077837219407,878
26.792975380116257,879
20.296128855543113,880
36.86732251115394,881
23.25729325843898,882
37.98707009558076,883
25.653252995002795,884
34.1363025149018,885
42.80324491575557,886
31.567270730438803,887
34.60239495194371,888
40.66945649668668,889
34.06404461302618,890
22.08814930744291,891
28.300085410685494,892
34.045680238064364,893
30.34413281221543,894
26.915551136383158,895
33.59732398650049,896
31.008036655293672,897
26.857927435927248,898
29.161004658544748,899
45.279952310219,900
24.81856594054081,901
37.02983358135722,902
41.08911127422252,903
26.33843538613896,904
30.749920157130834,905
21.786898628825153,906
44.69798747049693,907
23.34495125091858,908
35.84002475778356,909
24.479072407401897,910
40.180659012252015,911
33.49778170353729,912
19.275684186116678,913
21.363206388700483,914
37.820288026269836,915
27.135859236155223,916
33.611961249634945,917
28.9231942782516,918
17.67418038341589,919
45.614274707839115,920
30.107137929116682,921
27.431006903891085,922
34.93508064393979,923
21.061301515759286,924
30.880728363072805,925
35.83630682276632,926
34.063143517375,927
33.34626450990465,928
29.43466856148466,929
38.16649374380929,930
28.153309004081535,931
22.25424924792519,932
33.60689413690337,933
27.259459819858893,934
36.32707419849936,935
28.757753265437156,936
34.0370462405065,937
28.0634234286936,938
37.68206369052602,939
31.210082254838195,940
45.236320354223096,941
29.530568389792933,942
38.46705246168088,943
42.13201967759905,944
36.841946012978205,945
33.500541164213516,946
38.31696157517543,947
23.759673087773173,948
45.598837544255396,949
41.61149833945035,950
46.52300595271886,951
31.656295481287266,952
23.017245422484127,953
24.866582249668042,954
32.068142118630576,955
33.86517973903216,956
30.01009639007829,957
29.770435490314505,958
29.96806646796725,959
18.31827372922542,960
41.08040279338998,961
42.02731861758171,962
33.637137948676695,963
39.42545388935001,964
38.98434007684419,965
33.360699602155485,966
38.110929904659564,967
27.188727952986476,968
36.76941335477643,969
26.696557215562517,970
30.43797820481829,971
23.20148706875778,972
23.90075244302103,973
31.733993728848816,974
23.826355031802162,975
31.135516715259094,976
34.07620483580175,977
41.641262668134054,978
43.23341638873549,979
29.70797294825705,980
17.465031971808497,981
37.67343630732728,982
24.41004694756028,983
26.74207921926004,984
34.48486740936678,985
40.98850973378726,986
34.479257353161124,987
9.68347265397071,988
38.035088688138714,989
34.546481411363246,990
35.01637337873473,991
34.959116321294424,992
42.43865094634257,993
33.381047799156356,994
29.16632375529587,995
25.43868351505106,996
31.76972581320475,997
24.330073296726017,998
34.927772409804554,999
34.11044720545753,1000
30.801478724036155,1001
29.983960936034556,1002
20.17959231411272,1003
32.70920360624073,1004
27.715299905727765,1005
38.29226581475269,1006
34.99216435294955,1007
41.18515167348787,1008
33.71209396339286,1009
27.849153208793698,1010
34.688925001091846,1011
22.9195079549902,1012
41.3782936702744,1013
39.14973782644547,1014
15.028774430405534,1015
39.95021312237481,1016
38.06938437900389,1017
53.79039161491435,1018
29.15299087276658,1019
31.667678665877634,1020
33.616823384938264,1021
44.2890065940919,1022
29.346462487597112,1023
30.250337640559245,1024
28.49889701275967,1025
30.17075967885705,1026
41.68373396019675,1027
30.978204907972376,1028
14.825081524834843,1029
40.62546720880346,1030
22.822321579793364,1031
26.924917363082503,1032
24.611415462897458,1033
42.16039051487741,1034
45.05689902492106,1035
33.91388004540455,1036
32.53629160319415,1037
32.76159145182062,1038
34.088964804048835,1039
31.370875647896405,1040
24.135673556167863,1041
38.45735862183855,1042
43.182849556062955,1043
26.527653632009965,1044
35.56276938656165,1045
40.921768009177455,1046
30.012121855305363,1047
32.43865598631484,1048
22.96681375442592,1049
28.87497301312606,1050
44.33884543008652,1051
21.02997780667267,1052
35.21379676002126,1053
47.62817703447532,1054
26.769509222126125,1055
28.753998722241132,1056
38.057458841908904,1057
29.859194802940202,1058
38.222982999245275,1059
37.12024133602197,1060
33.85443915542631,1061
20.080296479944145,1062
26.595089738681665,1063
36.47646665126951,1064
30.948200531085167,1065
31.687688946753358,1066
26.094226090549164,1067
30.288732937149952,1068
24.051297312404834,1069
32.278284158336554,1070
26.587260349348394,1071
30.771681280415848,1072
28.875433422258347,1073
33.06325575542538,1074
24.913589294908736,1075
41.35146260373511,1076
36.71354358501897,1077
28.17318893166089,1078
34.86862017131039,1079
32.513138829512116,1080
19.403389937037144,1081
35.127247063391366,1082
29.733308661952613,1083
31.704768713345246,1084
23.063139166707206,1085
20.348703347176155,1086
26.504791476605945,1087
34.953798381504264,1088
29.986402204653483,1089
44.110754666962215,1090
20.773600054751796,1091
22.175794150701,1092
22.26331445094121,1093
32.73754570195543,1094
26.79733864197789,1095
26.679343014989215,1096
27.031702056764466,1097
32.94836574604799,1098
22.863635562293048,1099
28.981725643966207,1100
36.40058529153293,1101
27.146932289639054,1102
50.424083749972766,1103
26.607984821307998,1104
29.49871792089158,1105
18.519240164662236,1106
52.44785598607822,1107
22.368864380180277,1108
21.575122987731035,1109
30.563137011603494,1110
36.3929784385797,1111
23.775373170179794,1112
33.44144720373751,1113
24.513739829642137,1114
17.752266854629738,1115
34.07906502251025,1116
24.53528716303825,1117
32.81328710096245,1118
22.604964454513098,1119
31.062442653956513,1120
51.199888788351785,1121
39.95577336702297,1122
51.25131797557139,1123
28.000713342601966,1124
40.341401742807946,1125
18.177637088823193,1126
39.3279996972241,1127
41.29775199030873,1128
23.991562331869744,1129
34.31971369727971,1130
25.79446783503562,1131
34.65165044534068,1132
28.684988168610897,1133
31.10618517742182,1134
31.71325004412307,1135
35.96011462604771,1136
35.706481621301585,1137
29.321343053028205,1138
37.636965495883636,1139
27.98400849866608,1140
20.76619489195219,1141
20.423772193896248,1142
42.651725577331916,1143
27.72724299713769,1144
41.356044263774386,1145
30.69269676452415,1146
31.625331564853983,1147
24.277481044004116,1148
31.41062447839066,1149
35.3265938964074,1150
39.5284322224031,1151
28.65107404870802,1152
20.481200124129746,1153
29.14684817268801,1154
35.10395401038387,1155
26.99870934956611,1156
34.51449011043425,1157
32.39433597842554,1158
38.13007824837074,1159
37.136549240266795,1160
26.69860606979819,1161
30.88843641262481,1162
43.219308951857585,1163
40.6328545686416,1164
28.549005502844782,1165
32.203253867253,1166
26.575954340050338,1167
27.993034498738645,1168
32.18818152222857,1169
38.205753758014204,1170
30.122918520001065,1171
38.50786337075741,1172
27.57827172308195,1173
31.221451053375205,1174
34.793782371873235,1175
28.619866294512654,1176
21.935495361350313,1177
32.50480751698694,1178
31.93251163966956,1179
19.288672344448354,1180
19.798686186090176,1181
35.740300911028186,1182
40.897984442172145,1183
33.57364563400048,1184
27.12009069027737,1185
37.26103614460282,1186
41.02858140245764,1187
31.937309503738952,1188
41.82037026499038,1189
38.34383929266974,1190
28.73352244327331,1191
32.34582839265287,1192
30.30319835955276,1193
29.512912724608217,1194
23.83073539614976,1195
31.575104177097572,1196
28.93861403003012,1197
35.55110402161687,1198
20.64302037178017,1199
34.689117490610265,1200
29.091206767021,1201
23.541965302705442,1202
33.87477205850619,1203
30.56322209119515,1204
24.80075498950196,1205
22.11078122044455,1206
32.36640327559379,1207
30.223613174623473,1208
24.959148715693996,1209
33.70390651218159,1210
36.98533899371495,1211
34.1910690650909,1212
27.799698499615783,1213
40.3139571514482,1214
31.060156739840235,1215
45.01375924438527,1216
30.741344258473564,1217
22.705557510302352,1218
23.5641382818709,1219
27.682505760158307,1220
19.82033994779217,1221
19.910198854803912,1222
36.979543968564926,1223
32.669529112365574,1224
36.30773545577659,1225
39.519854570605055,1226
25.742906509377708,1227
32.175914513282116,1228
34.71801155800709,1229
41.90665031937111,1230
34.20187631858015,1231
37.75427290556312,1232
16.4218922016276,1233
32.94882932311501,1234
27.005345917932836,1235
29.302266401973085,1236
30.616651118057476,1237
31.83615046257147,1238
42.067533964493904,1239
25.239534189305665,1240
46.85700997708797,1241
47.46096565905047,1242
44.19054295021404,1243
27.932234820951898,1244
36.211896617900024,1245
30.54044050668863,1246
32.231944991093755,1247
33.479809940359935,1248
32.53411778963051,1249
39.72847206837392,1250
43.371044502134595,1251
42.31571382230709,1252
28.936519258247603,1253
42.32289215120493,1254
28.70524572760586,1255
26.02835819167605,1256
33.54490618248805,1257
58.728448641288985,1258
32.48896728609635,1259
39.005545146141806,1260
34.19588143852867,1261
41.20620176099277,1262
28.369042556753374,1263
30.01323846586169,1264
37.994526333883904,1265
24.2725501567271,1266
42.367541791485415,1267
42.27559007766382,1268
33.16716827862256,1269
30.78780947144145,1270
27.75137386170475,1271
35.803630614804824,1272
33.807295622777325,1273
25.986773898759893,1274
29.901830673488732,1275
25.273856754847632,1276
32.51128832655251,1277
36.70738609387239,1278
20.30285691530676,1279
32.44032026517988,1280
25.870183857174734,1281
34.340200723091364,1282
42.73306847955416,1283
30.960992494619887,1284
36.01901173161268,1285
26.468608265244313,1286
37.320199852340345,1287
26.206318133876433,1288
23.19990607031717,1289
27.220458128321003,1290
40.10322422719048,1291
30.67343854063891,1292
38.80543871672899,1293
30.73243733799253,1294
47.01239951556952,1295
23.967707547453035,1296
33.19356506174737,1297
30.322846733753646,1298
34.869139414569375,1299
25.564043406367382,1300
15.582491681626522,1301
33.78528349804452,1302
32.38404340188285,1303
26.245296507590375,1304
33.7188499578921,1305
26.367948966055835,1306
37.098365038606765,1307
39.24058987500058,1308
45.828143344583246,1309
37.76353522557808,1310
30.689273764951455,1311
29.740701473527178,1312
32.001614020098536,1313
30.849565156189666,1314
33.436623195873764,1315
31.24732199666559,1316
28.297553465533454,1317
28.851759680468255,1318
23.882757035985023,1319
34.83208638867782,1320
42.87671673196331,1321
11.79074349881704,1322
39.71107581032308,1323
34.027004064131084,1324
36.10701893882479,1325
21.589934670740192,1326
26.02003605510847,1327
35.10818566294029,1328
26.818961270494054,1329
25.97398094602924,1330
19.04346640489074,1331
26.364237719119053,1332
20.927248439335994,1333
32.665484178168384,1334
30.883388882720002,1335
22.37838826205487,1336
22.560282856533398,1337
30.7253750138517,1338
26.65594156551697,1339
41.5324472491163,1340
36.249266098631466,1341
39.26654526708974,1342
36.049844382491116,1343
27.39178915479556,1344
29.32594309844357,1345
30.57491263701,1346
33.46655773446432,1347
29.13728247341043,1348
20.494763735842824,1349
37.85153041903998,1350
28.93989940524726,1351
33.00089844438107,1352
28.744236034209997,1353
27.173653770288446,1354
41.26994903102925,1355
30.47901583670156,1356
23.82469161694722,1357
23.596445292186772,1358
42.24959053420651,1359
32.4293171600098,1360
26.73863806608794,1361
38.948575795165006,1362
30.809600408123853,1363
31.42017735273405,1364
28.37593235754646,1365
34.56886942265228,1366
29.54797353335701,1367
36.422771706264044,1368
42.32112957245135,1369
43.44863774936419,1370
32.932441890738716,1371
19.664447898223433,1372
23.534077332724113,1373
32.83394458446331,1374
32.03935794284937,1375
22.349486836080324,1376
35.89941545606805,1377
42.15463475129389,1378
26.50507515329622,1379
35.802443068196915,1380
31.508690390817073,1381
24.319600007549997,1382
25.980420274993154,1383
37.46923258326776,1384
28.830806061215693,1385
29.237205057806417,1386
32.37983377281475,1387
23.35668496848367,1388
22.7047488192668,1389
35.47677535239018,1390
30.84664589174833,1391
30.0631638609296,1392
36.8003125518412,1393
23.49596407537524,1394
30.392966663926163,1395
26.208422579042207,1396
36.028150591475196,1397
32.32326953971704,1398
32.81413000145451,1399
35.89790979429332,1400
19.996201170963367,1401
30.077451419735578,1402
29.120393647242988,1403
27.43649352420828,1404
27.48472529887253,1405
41.444346921097164,1406
34.72020687059319,1407
29.958532518886496,1408
41.9995847750472,1409
38.27260869766052,1410
29.16848495941572,1411
26.025580114415977,1412
47.487630379201086,1413
45.20317979833106,1414
34.59208241676388,1415
33.44473649622288,1416
30.386584382533627,1417
37.90864083352575,1418
36.78661599979864,1419
34.713677854771426,1420
49.6021000217761,1421
19.393487892960728,1422
29.76559133464991,1423
27.91620385129891,1424
20.19423277608019,1425
31.04824040923862,1426
34.43027125058632,1427
33.85456804228726,1428
40.83807206712353,1429
37.25759691940555,1430
25.52471706034072,1431
34.28939831943467,1432
31.411677827756115,1433
33.31064830244059,1434
33.83021324266948,1435
28.681813490922682,1436
43.111966021913894,1437
30.72246252404822,1438
35.20431215324404,1439
30.088137287478148,1440
29.802862850301697,1441
26.515541578807174,1442
35.94716788698491,1443
29.87507516012862,1444
26.871842323030723,1445
23.750877171904598,1446
60.91133191337176,1447
32.67470277224319,1448
24.853184214638592,1449
37.677695012185616,1450
44.579131682509306,1451
29.45299479853399,1452
42.549079138422364,1453
20.112689468591075,1454
33.953660410527,1455
29.627725423121476,1456
43.11926685359618,1457
23.294540275232958,1458
26.98385940022531,1459
26.493325589812137,1460
29.36193208044887,1461
26.598980556556118,1462
33.44719624791476,1463
27.167774188321157,1464
33.885639594602125,1465
36.35572372038894,1466
35.375938344762716,1467
39.81761909577946,1468
39.722811166609496,1469
30.201486378417616,1470
32.88328605023535,1471
39.1368595528153,1472
28.56539227101565,1473
26.047321858221345,1474
38.213560013132046,1475
25.93270541526612,1476
30.93609431568003,1477
42.18092810246333,1478
22.000532086921798,1479
36.31730256394903,1480
34.973335306268275,1481
37.350195722514094,1482
28.257923132394676,1483
28.539375428254207,1484
43.79576836650334,1485
32.601279712114085,1486
9.360467366979199,1487
25.787849007825038,1488
33.62985141222124,1489
31.613401507630385,1490
33.52939222342986,1491
29.007432136599917,1492
41.004883564042984,1493
34.36433547213349,1494
39.168170234262206,1495
19.378961611696038,1496
35.468842351484334,1497
39.37171112913414,1498
26.218668155954965,1499
30.47790392203228,1500
31.71280773485605,1501
25.934263735572394,1502
43.70593400291198,1503
35.6071303393608,1504
27.624060133282953,1505
26.034620887103337,1506
23.48198717927692,1507
32.41799169271289,1508
34.22707786200356,1509
20.945565560645356,1510
39.88859956780046,1511
20.636262156536834,1512
46.132601824670616,1513
41.12479572393522,1514
17.305565236180453,1515
27.46902558631044,1516
54.61287608322281,1517
34.59975033688456,1518
40.753087074739376,1519
39.66813812484074,1520
26.702476811470927,1521
23.117583894870705,1522
29.663484840807733,1523
27.955296872790083,1524
41.28037577460812,1525
51.262795144340906,1526
26.175621270560537,1527
38.79440775649209,1528
38.199137341358075,1529
40.32989725639869,1530
36.50532279294992,1531
29.19200567610003,1532
39.56189272844526,1533
31.828109563931157,1534
34.33653586599732,1535
47.91437960853484,1536
26.872747853246768,1537
28.820006459137154,1538
21.365376147461387,1539
31.29944950519617,1540
32.32381762022504,1541
33.90396662044224,1542
27.960796712381896,1543
32.226240645975146,1544
35.594121294880345,1545
28.17189483775862,1546
38.24775234227039,1547
31.45567079394727,1548
20.026150400624115,1549
40.72189575950113,1550
39.309767512838015,1551
32.359236587007146,1552
31.035499983792914,1553
37.38383790103699,1554
36.17220847510674,1555
34.76572368582833,1556
31.377656052397747,1557
28.586489217882654,1558
30.525196794849514,1559
31.84775564626956,1560
38.782009243629346,1561
29.833527362531843,1562
37.08640429227205,1563
34.727055073100566,1564
40.07897776524953,1565
20.288926014423087,1566
30.668449589122982,1567
33.78937483295168,1568
24.215880713970915,1569
28.588687340985004,1570
28.756042435367302,1571
27.44170534518595,1572
40.63335629777063,1573
26.454061472131535,1574
36.647049979675096,1575
30.906497785482227,1576
23.75257847220095,1577
31.190066076149517,1578
36.19227847376417,1579
35.90697185268019,1580
34.99678652006958,1581
21.7150197018434,1582
41.66492798410414,1583
36.31337092899503,1584
32.46213470347192,1585
36.889238321127024,1586
18.361604049446072,1587
43.417261637864556,1588
29.508756592207032,1589
40.50042579738235,1590
33.84431421415418,1591
44.162955811222936,1592
30.40261368329563,1593
23.69254715367949,1594
27.86445497367217,1595
40.86847878863769,1596
29.583949201946353,1597
21.504873010683585,1598
30.813202332028187,1599
32.8217677420457,1600
45.77477659772687,1601
28.081679061715917,1602
39.73840081021866,1603
32.08584321865984,1604
33.77369254231169,1605
32.63209372158319,1606
36.78703337592639,1607
30.48551046604254,1608
43.57950565648042,1609
22.781651204142324,1610
23.90608587957818,1611
44.660754134886915,1612
28.81144680168398,1613
26.508073697055185,1614
29.35779912798857,1615
29.423650247044908,1616
24.00903662149368,1617
31.305155843126304,1618
19.78770862670146,1619
37.19009775445916,1620
37.62400105705864,1621
35.91044916008957,1622
32.87628724949484,1623
24.188397264890416,1624
21.070268485549214,1625
36.721740004603596,1626
33.128670129978374,1627
26.051070375617215,1628
42.97725441041464,1629
39.423380166840296,1630
35.85295548621448,1631
22.787120944762037,1632
35.62713617028354,1633
32.84433040743809,1634
25.671211724573322,1635
22.680943910254925,1636
30.30477967044709,1637
38.255661728246,1638
45.10403920829984,1639
31.77587165204073,1640
33.23004449523559,1641
29.329003158340974,1642
32.83680322895385,1643
50.40180747034665,1644
44.71773563516529,1645
26.384326693331552,1646
42.86216560434566,1647
41.88791031336253,1648
22.743695117526443,1649
30.46407975854037,1650
30.461622043499357,1651
30.953154957556286,1652
30.70234472179312,1653
39.84626062293162,1654
29.610687704537145,1655
25.965267234257983,1656
19.057191597561687,1657
30.840856495535203,1658
33.45285726368626,1659
27.657747210448044,1660
32.04804070523352,1661
41.79643337245645,1662
27.475979515400535,1663
28.743537245602358,1664
21.993992913444444,1665
13.224541911851745,1666
36.319709325157916,1667
38.40277521120041,1668
45.369376893342775,1669
41.05109613791245,1670
46.23309656779684,1671
43.155139624472966,1672
20.582485526694487,1673
26.953221691459376,1674
35.83947856215503,1675
43.68990141906181,1676
45.16478940231328,1677
16.689761764927614,1678
22.79976116922762,1679
30.227069823714302,1680
31.780868790050818,1681
31.120645614265865,1682
25.431159927864773,1683
41.57599699240499,1684
37.595692129011866,1685
24.983785648994726,1686
30.927799901096403,1687
37.79037458221696,1688
25.369251097468183,1689
36.575101290745756,1690
24.791421904695746,1691
28.99808325340827,1692
20.783996314343767,1693
33.08550980266951,1694
22.979244023824485,1695
39.687575264855276,1696
41.3251318459121,1697
29.060925626973823,1698
26.21229305096291,1699
31.685463874891923,1700
25.667311135023123,1701
31.20947184451923,1702
25.88345648107397,1703
25.64849653336221,1704
33.874518152826965,1705
30.505554104697467,1706
33.209827180224735,1707
39.81422772182075,1708
22.96133274209879,1709
24.829465977755593,1710
40.792587099488316,1711
37.03519256046819,1712
45.46382080725824,1713
33.86883924256227,1714
34.65396523444136,1715
29.607493295655402,1716
23.479475218864096,1717
22.701955573495635,1718
30.425839841362556,1719
32.5466533911271,1720
18.874895499768062,1721
36.22921618417273,1722
23.5682192839445,1723
32.92056333586663,1724
37.60352731854284,1725
20.41943207522605,1726
31.698743840312982,1727
32.36934529168082,1728
43.72622368845395,1729
36.51049569896391,1730
17.660205892542532,1731
26.210847708247798,1732
32.41478780445425,1733
46.40545555968303,1734
30.572920918655523,1735
23.97833529943876,1736
33.74734348444012,1737
29.70298752033683,1738
30.263833649632037,1739
33.914636212038246,1740
37.14981240526883,1741
22.212060049819875,1742
41.02556806045859,1743
19.73307743809884,1744
25.14984695692325,1745
41.11801845677837,1746
30.076335227279554,1747
21.86055928152702,1748
36.361740442552886,1749
29.552794205421897,1750
48.1847349013264,1751
35.75582910482105,1752
26.518686140363613,1753
25.65644792154952,1754
39.870844300151425,1755
43.698951094156,1756
32.835693806509354,1757
33.12697521669991,1758
29.40083915661341,1759
22.12697491200116,1760
30.43535821732666,1761
22.07438060967043,1762
25.045595091444955,1763
39.246389657292085,1764
30.02756569504301,1765
27.144385473091404,1766
35.26474105890582,1767
39.33111913239221,1768
24.887485629625186,1769
24.503658441164504,1770
22.930798872230575,1771
21.799561442584743,1772
47.95280489337392,1773
23.978151783142774,1774
21.680770305677644,1775
31.34619535173128,1776
36.114202355104865,1777
35.535415261659516,1778
31.164324203827004,1779
42.52784872137341,1780
24.818293789324176,1781
30.053066842785242,1782
38.2373460852776,1783
36.977557877942495,1784
24.877527340596995,1785
45.35291140278815,1786
32.02442135219775,1787
27.609363585813682,1788
37.55955672867532,1789
32.42180900920077,1790
29.13503566295378,1791
36.424802707440726,1792
49.98320809540818,1793
24.356106081960416,1794
30.222893645122863,1795
28.72816730001399,1796
44.49564157658651,1797
25.068698133161153,1798
37.555355772965974,1799
27.281536135140712,1800
33.64600227615917,1801
26.84641727914115,1802
31.110032248924647,1803
18.206341120258884,1804
43.116276744209515,1805
28.340442857025927,1806
50.47134484812044,1807
50.65847165493659,1808
33.164159162670465,1809
33.329872621041496,1810
24.177437475327924,1811
16.059021221451758,1812
35.4537060385467,1813
30.719173679299672,1814
26.519939339233517,1815
24.381049905378884,1816
49.483915512066304,1817
25.405701847064833,1818
35.01008880592629,1819
31.41625191028431,1820
30.675163338601273,1821
29.635600848786158,1822
28.031064234268058,1823
17.93169941443003,1824
26.39232291704736,1825
32.74225832987886,1826
22.991740723945856,1827
32.72433035778674,1828
33.269829561315284,1829
33.56574309759637,1830
24.765906863503922,1831
39.64406583999854,1832
19.80898490728112,1833
38.22821806454819,1834
25.201888319230008,1835
24.76303737903418,1836
37.396506514595174,1837
34.23072024499769,1838
36.1697412925039,1839
35.666413501282,1840
39.15449589790612,1841
31.3273022037852,1842
36.85520181534857,1843
34.04500135186375,1844
23.076193422859472,1845
25.373610423733705,1846
27.738551774825197,1847
37.030041593201716,1848
34.77486428782564,1849
29.105870229005756,1850
27.922429847585022,1851
36.748598128630455,1852
43.42420986745217,1853
31.02868645488355,1854
25.829618907381168,1855
38.29127223050634,1856
21.558937586608362,1857
41.604126031246096,1858
25.25316076972692,1859
28.001635781898653,1860
26.384751094880986,1861
36.820678798038344,1862
29.48262613030156,1863
36.48952297402357,1864
35.445086953997404,1865
34.09068725846866,1866
31.046949929131205,1867
29.192671330743337,1868
42.762615709162496,1869
30.900351452738303,1870
24.906162925687845,1871
33.96542174272663,1872
47.63312768398561,1873
22.50026369333308,1874
38.98934812617562,1875
52.587629749158864,1876
32.58548157447701,1877
36.17899161407098,1878
26.275307225667078,1879
33.523609172403376,1880
34.8531240894805,1881
40.94562952033908,1882
30.28103359929946,1883
34.423828858428394,1884
45.597278695562295,1885
45.03628309669188,1886
31.324426777200955,1887
34.00618868875711,1888
21.91893821816838,1889
40.60440636842506,1890
24.79469856768439,1891
30.128731095742125,1892
24.05734671339253,1893
31.32914678854773,1894
38.72050040419238,1895
33.718785935865796,1896
31.829052035091596,1897
32.843172507585706,1898
36.33432228137176,1899
37.17959724629174,1900
37.652091948553256,1901
36.28654588381453,1902
31.953820141807395,1903
23.471455872300357,1904
25.7567426035734,1905
30.70209840588136,1906
30.92262637372106,1907
21.545678670839198,1908
32.8241849348882,1909
27.51818227477965,1910
39.97185283767607,1911
15.145446600642119,1912
32.13043952889681,1913
22.119367831082283,1914
18.906937154227688,1915
47.24168533966748,1916
37.237604611402496,1917
31.35925120234656,1918
48.989366375906386,1919
26.774134671095688,1920
32.48743550285648,1921
22.381513912092156,1922
41.23754489347409,1923
21.094667442101283,1924
20.291775405883858,1925
32.12878397282396,1926
32.127517004531946,1927
34.289895591894144,1928
26.884619184705826,1929
19.321117539863035,1930
41.77094770102655,1931
23.706448157775384,1932
40.263519605026794,1933
41.63335737106099,1934
34.582204544491155,1935
41.32704810603618,1936
34.005896574849416,1937
35.006893851904344,1938
29.0991807426158,1939
22.016441107228527,1940
28.71202528963155,1941
41.14227386163692,1942
41.21612177650462,1943
18.27652036714544,1944
32.42203378645308,1945
38.50444445300168,1946
29.04138249184322,1947
43.05502818826466,1948
41.48039565619945,1949
23.852309153605415,1950
21.751693867840704,1951
18.09487266590117,1952
24.734535154886842,1953
35.0355263370262,1954
30.418186863901887,1955
27.59577813926745,1956
24.452359289322473,1957
31.081388805549416,1958
30.842715770066544,1959
41.48744759024242,1960
42.27464333143538,1961
32.58755688362464,1962
28.225514152668733,1963
37.727397389955996,1964
39.7581778321515,1965
41.8742431625326,1966
25.563513813918444,1967
34.03987404124009,1968
39.806391729471756,1969
40.06345717945012,1970
26.17658915185784,1971
40.01285389055968,1972
43.96208807880918,1973
19.242608987528424,1974
38.16454632304449,1975
27.28295381285637,1976
32.93656746092462,1977
36.7972095165874,1978
43.66494105062649,1979
24.352641413036693,1980
20.48336307916575,1981
23.718464300092137,1982
39.206295745417414,1983
20.704988917352726,1984
43.99622832444035,1985
26.07765490904984,1986
36.93422678664022,1987
39.32253168529657,1988
34.69267523307033,1989
29.50099283672319,1990
27.82194370062201,1991
32.49064250668865,1992
33.89638118751938,1993
36.660384387261715,1994
31.668326820371366,1995
9.466829144092243,1996
20.518601832883963,1997
35.365405659419935,1998
35.363241097268194,1999
